parameter,posterior_mean,lower_credible,upper_credible,rhat
alpha_DMP,0.5159636910942259,0.30484368894534697,0.6299878957602583,1.621312650887318
alpha_EMT,0.6415139070565524,0.3659743721908397,0.8,1.264704737766041
k_A,0.5414207491910543,0.4290594148159995,0.68,1.1933851821240729
k_E,0.7784210492480712,0.6144268953897195,1.2473624898931184,1.7677568042129885
k_G,0.9166463957559201,0.7739247920889526,1.2089654125778064,1.3087773989584428
threshold,0.836338876654173,0.7,1.0525679778889125,1.0
