parameter,posterior_mean,lower_credible,upper_credible,rhat
alpha_DMP,0.6673050054797408,0.4840511682887798,0.8875052217527478,1.5007146552432074
alpha_EMT,0.7721809211164158,0.45288251656041434,0.944278000150775,1.077308099327645
k_A,0.5979146083709739,0.46262482289160406,0.7117574153231238,1.2520764168422702
k_E,0.6774612390730576,0.4219639369232694,0.9170224137864035,1.5815604216667138
k_G,0.8221889105978598,0.6557052047780507,1.0528063824651663,1.2448366286543477
threshold,0.6285639765798984,0.5557812924816399,0.694948788065137,1.0417906364872251
