label,metric,value
trisomy21,n_embryos,96.0
trisomy21,prevalence,0.041666666666666664
trisomy21,closure_fraction,0.010416666666666666
trisomy21,mean_closure_time,3.4984375
trisomy21,mean_gap,0.534302423563199
trisomy21,std_gap,0.16587149931785394
trisomy21,mean_linear_score,0.6247077621454414
trisomy21,mean_nonlinear_score,0.5590557827842829
trisomy21,mean_probability,0.19238668689157187
trisomy21,mean_terminal_shear,1.0988779025881275
trisomy21,mean_peak_shear,1.103247227227746
