parameter,posterior_mean,lower_credible,upper_credible,rhat
alpha_DMP,0.5319015422816438,0.436822345409088,0.6730705541411293,1.4168932723351149
alpha_EMT,0.8274378279136575,0.5093784475878649,1.161999346737302,1.2350664874443815
k_A,0.6786568996179384,0.506550394765759,0.8554489213193763,1.3532973976971487
k_E,0.717837329008986,0.6290757545588147,0.9059600699441476,1.1049458620018628
k_G,0.794118171642771,0.6931099019540377,0.9241466260000346,1.0866052848494232
threshold,0.6430204254981896,0.5837566314104708,0.7020348623627904,1.3596140217507524
