parameter,posterior_mean,lower_credible,upper_credible,rhat
alpha_DMP,0.6102605277534002,0.40562531623048464,0.8315329493413877,1.0839278421786482
alpha_EMT,0.8145403436708266,0.594161107881275,1.1199094105097016,1.0378742476519947
k_A,0.6918753761394206,0.5012547136802923,0.9367714065162294,1.0471804098906425
k_E,0.7026736600378021,0.4740957864342737,0.8961344836959927,1.0144916793783858
k_G,0.964962383287673,0.754518543323818,1.1916408918291943,1.0478355102296002
threshold,0.6749512129117474,0.5856202013820985,0.773217163560123,1.0059500351630566
